{"vertexFramework":{"shape5_vertex - Predeterminado":{"xml_s5_page_bg":"F0F0F0","xml_s5_shadow_color":"7B8285","xml_s5_highlight":"881435","xml_s5_fonts_highlight":"Verdana","xml_s5_facebook":"","xml_s5_twitter":"","xml_s5_google":"","xml_s5_linked_in":"","xml_s5_rss":"javascript:;","xml_s5_logo_height":"130","xml_s5_logo_width":"300","xml_s5_small_menu":"no","xml_s5_uppercase":"no","xml_s5_font_resizer":"yes","xml_s5_module_ft_size":"default","xml_s5_component_ft_size":"default","xml_s5_fonts":"Verdana","xml_s5_fstyle":"","xml_s5_bootstrap":"light","xml_s5_fixed_fluid":"%","xml_s5_body_width":"100","xml_s5_max_body_width":"1400","xml_s5_columns_fixed_fluid":"%","xml_s5_left_width":"20","xml_s5_left_inset_width":"20","xml_s5_right_width":"20","xml_s5_right_inset_width":"20","xml_s5_responsive":"enabled","xml_s5_responsive_ie":"disabled","xml_s5_responsive_mobile_hide":["#s5_top_row1_area1"],"xml_s5_responsive_center_single_column":"default","xml_s5_responsive_fluid_comibine_columns":"default","xml_s5_responsive_fluid_single_column":"default","xml_s5_responsive_column_increase":"enabled","xml_s5_responsive_columns_small_tablet":"single","xml_s5_responsive_row_widths_top_row_1":"default","xml_s5_responsive_row_widths_top_row_2":"default","xml_s5_responsive_row_widths_top_row_3":"default","xml_s5_responsive_row_widths_above_columns":"default","xml_s5_responsive_row_widths_middle_top":"default","xml_s5_responsive_row_widths_above_body":"default","xml_s5_responsive_row_widths_middle_bottom":"default","xml_s5_responsive_row_widths_below_body":"default","xml_s5_responsive_row_widths_below_columns":"default","xml_s5_responsive_row_widths_bottom_row_1":"default","xml_s5_responsive_row_widths_bottom_row_2":"default","xml_s5_responsive_row_widths_bottom_row_3":"default","xml_s5_fonts_responsive_mobile_bar":"Verdana","xml_s5_fstyle_responsive_mobile_bar":"Verdana","xml_s5_responsive_mobile_bar_style":"light","xml_s5_responsive_mobile_bar_static":"enabled","xml_s5_responsive_mobile_bar_start":"841027","xml_s5_responsive_mobile_bar_stop":"B50D33","xml_s5_responsive_mobile_bar_font_color":"FFFFFF","xml_s5_responsive_mobile_bar_active_color":"F9C126","xml_s5_responsive_mobile_bar_shadow_opacity":"0.6","xml_s5_responsive_mobile_bar_menu":"enabled","s5_responsive_menu":"mainmenu","xml_s5_responsive_menu_language_switch":"enabled","xml_s5_responsive_menu_end_level":"1","xml_s5_responsive_mobile_bar_active":"enabled","xml_s5_responsive_mobile_bar_search":"enabled","xml_s5_responsive_mobile_links":"enabled","xml_s5_responsive_desktop_text":"Desktop Version","xml_s5_responsive_mobile_text":"Mobile Version","xml_s5_show_menu":"show","s5_menu_type":"mainmenu","xml_s5_menu_type_language_switch":"enabled","s5_maxdepth":"2","s5_duration":"1000","s5_hide_delay":"500","s5_opacity":"100","s5_orientation":"horizontal","s5_effect":"2","xml_s5_menu_onclick":"enabled","xml_s5_top_row1_calculation":"automatic","xml_s5_top_row1_manual_widths":"0,0,0,0,0,0","xml_s5_top_row2_calculation":"automatic","xml_s5_top_row2_manual_widths":"0,0,0,0,0,0","xml_s5_top_row3_calculation":"automatic","xml_s5_top_row3_manual_widths":"0,0,0,0,0,0","xml_s5_above_columns_calculation":"automatic","xml_s5_above_columns_manual_widths":"0,0,0,0,0,0","xml_s5_middle_top_calculation":"automatic","xml_s5_middle_top_manual_widths":"15,25,20,10,13,17","xml_s5_above_body_calculation":"automatic","xml_s5_above_body_manual_widths":"0,0,0,0,0,0","xml_s5_middle_bottom_calculation":"automatic","xml_s5_middle_bottom_manual_widths":"0,0,0,0,0,0","xml_s5_below_body_calculation":"automatic","xml_s5_below_body_manual_widths":"15,25,20,10,13,17","xml_s5_below_columns_calculation":"automatic","xml_s5_below_columns_manual_widths":"15,25,20,10,13,17","xml_s5_bottom_row1_calculation":"automatic","xml_s5_bottom_row1_manual_widths":"15,25,20,10,13,17","xml_s5_bottom_row2_calculation":"automatic","xml_s5_bottom_row2_manual_widths":"15,25,20,10,13,17","xml_s5_bottom_row3_calculation":"automatic","xml_s5_bottom_row3_manual_widths":"15,25,20,10,13,17","xml_s5_drop_down_calculation":"automatic","xml_s5_drop_down_manual_widths":"15,25,20,10,13,17","xml_s5_compress_js":"no","xml_s5_compress_css":"no","xml_s5_compress_cache":"900","xml_s5_thirdparty":"enabled","xml_s5_images_width":"","xml_s5_auto_height":"yes","xml_s5_max_width":"yes","xml_s5_seourl":"","xml_s5_additional_scripts1":"","xml_s5_additional_scripts2":"","xml_s5_ie6plugin":"yes","xml_s5_scrolltotop":"yes","xml_s5_login":"Login","xml_s5_loginout":"Logout","xml_s5_register":"","xml_s5_login_url":"","xml_s5_register_url":"","xml_s5_multibox":"yes","xml_s5_multioverlay":"yes","xml_s5_multicontrols":"yes","xml_s5_multimaxheight":"400","xml_s5_multimaxwidth":"600","xml_s5_multimovieheight":"300","xml_s5_multimoviewidth":"400","xml_s5_multitooltips":"true","xml_s5_multirollover":"true","xml_s5_info_slide":"yes","xml_s5_lazyload":"all","xml_s5_tooltips":"no","xml_s5_resize_columns":"all","xml_s5_resize_columns_delay":"500","xml_s5_resize_columns_row_distribution":"yes","xml_s5_lr_tab_border":"838383","xml_s5_lr_tab_color":"FFFFFF","xml_s5_lr_tab_font":"A0435E","xml_s5_lr_tab1_text":"","xml_s5_lr_tab1_vp":"100","xml_s5_lr_tab1_height":"100","xml_s5_lr_tab1_class":"","xml_s5_lr_tab1_click":"","xml_s5_lr_tab1_left_right":"right","xml_s5_lr_tab2_text":"","xml_s5_lr_tab2_vp":"30","xml_s5_lr_tab2_height":"100","xml_s5_lr_tab2_class":"","xml_s5_lr_tab2_click":"","xml_s5_lr_tab2_left_right":"right","xml_s5_drop_down_overlay":"overlay","xml_s5_drop_down_width":"full","xml_s5_drop_down_button_open_text":"Open Panel","xml_s5_drop_down_button_close_text":"Close Panel","xml_s5_drop_down_button_width":"124","xml_s5_drop_down_button_height":"26","xml_s5_drop_down_button_text_color":"bde619","xml_s5_drop_down_button_text_hover_color":"666666","xml_s5_drop_down_button_text_size":"9","xml_s5_drop_down_button_text_weight":"bold","xml_s5_drop_down_button_gradient_start":"FFFFFF","xml_s5_drop_down_button_gradient_stop":"E5E5E5","xml_s5_drop_down_button_border_size":"1","xml_s5_drop_down_button_border_color":"999999","xml_s5_drop_down_button_radius_size":"8","xml_s5_drop_down_button_shadow":"show","xml_s5_drop_down_button_shadow_size":"8","xml_s5_drop_down_button_shadow_opacity":"0.1","xml_s5_drop_down_button_position":"center","xml_s5_drop_down_background":"EACFA4","xml_s5_drop_down_background_opacity":"1","xml_s5_drop_down_border_size":"2","xml_s5_drop_down_border_color":"999999","xml_s5_drop_down_shadow":"show","xml_s5_drop_down_shadow_size":"8","xml_s5_drop_down_shadow_opacity":"0.1"}}}